Mot Clé,Fréquence
type,455
model,386
material,330
brand,306
number,305
cm,279
color,269
sale,181
package,163
set,162
ideal,153
meter,151
watch,149
dial,138
cotton,136
content,130
strap,128
analog,127
man,126
warranty,123
design,117
mm,109
pack,109
combo,104
power,103
ml,102
cover,99
showpiece,99
baby,98
woman,92
flipkart,91
com,90
print,84
girl,83
boy,82
product,80
ceramic,79
black,77
oven,76
multicolor,76
mug,75
safe,73
code,71
fabric,70
water,69
resistant,67
box,57
washable,56
pattern,53
universal,52
round,52
blue,52
white,51
shape,50
laptop,47
serial,47
single,47
gift,46
bus,46
case,46
feature,46
capacity,45
day,45
width,44
gold,43
wireless,43
chronograph,43
style,43
light,41
double,40
length,40
occasion,38
abstract,37
buy,37
height,37
router,36
detail,36
microwave,36
deodorant,35
skin,35
neck,34
organic,34
sleeve,34
spray,34
steel,33
brown,33
battery,33
cooking,32
date,32
coffee,31
red,31
fit,31
suitable,31
ethnic,31
towel,30
pink,30
plastic,30
floral,29
display,29
online,29
polyester,28
size,28
blanket,28
quality,28
replacement,27
weight,27
shade,27
casual,27
altimeter,27
home,26
green,26
speed,26
quilt,26
brass,26
prithish,26
wooden,25
wall,25
quantity,25
mbps,24
idol,24
maxima,23
perfect,23
machine,23
genuine,23
comforter,23
bath,23
sonata,22
religious,22
mini,22
cell,22
dress,22
aluminium,22
rockmantra,22
adapter,21
silver,21
kadhai,21
modem,21
stainless,21
fresh,21
thrilling,21
digital,21
sticker,21
start,21
cushion,21
natural,20
curtain,20
deo,19
plain,19
bed,19
india,19
eyelet,19
yellow,19
solid,18
hp,18
bottle,18
bring,18
collection,18
series,18
bulb,18
body,18
dark,17
table,17
high,17
service,17
soft,16
handle,16
free,16
orange,16
lead,16
pan,16
induction,16
door,16
glass,16
tea,16
system,15
pad,15
diameter,15
wash,15
fiber,15
closure,14
short,14
month,14
sheet,14
flat,14
defect,14
beautiful,14
cream,14
self,14
kit,14
gsm,14
charger,14
clasp,14
grey,14
craft,13
face,13
printland,13
stripe,13
kitchen,13
art,13
soap,13
fantastic,13
enjoy,13
morning,13
midi,13
hand,13
alarm,13
pavilion,13
price,13
liter,13
room,13
time,13
flexible,12
requirement,12
knee,12
hair,12
geometric,12
frame,12
leather,12
portable,12
lan,12
adorable,12
fruit,12
regular,12
customer,12
small,11
metal,11
bedsheet,11
damage,11
base,11
lapguard,11
aroma,11
cutter,11
ieee,11
lid,11
factor,11
inch,11
mouse,11
sun,11
exclusive,10
decorative,10
wrap,10
wood,10
led,10
button,10
stone,10
haveli,10
range,10
ganesha,10
paris,10
protection,10
blade,10
rajasthan,10
rice,10
key,10
vanity,10
stoneware,10
iron,10
pizza,10
lal,10
designer,10
specification,10
fragrance,10
barometer,10
oxyglow,10
copper,10
original,10
massage,10
half,10
age,10
apply,10
piece,10
almond,9
cable,9
wild,9
perucci,9
apple,9
oil,9
jewellery,9
shirt,9
lamp,9
statue,9
gather,9
include,9
group,9
elephant,9
party,9
kid,9
great,9
vinyl,9
mechanism,9
timewel,9
comfort,9
dry,9
super,9
king,9
mxofere,9
velvet,9
purple,9
port,8
pot,8
handicraft,8
klub,8
care,8
unique,8
decor,8
medium,8
polyresin,8
quick,8
eye,8
use,8
painting,8
denver,8
stylish,8
multi,8
lord,8
finish,8
vaio,8
dish,8
linen,8
dohar,8
hooded,8
extender,8
paper,8
figurine,8
smart,8
honey,8
contemporary,8
buddha,8
raymond,8
fs,8
purpose,7
easy,7
rating,7
wheel,7
antique,7
bodysuit,7
output,7
premium,7
fashion,7
dimension,7
jasmine,7
window,7
look,7
depth,7
cartoon,7
pillow,7
rectangle,7
quartz,7
good,7
smartpro,7
9a,7
times,7
5v,7
jaipuri,7
nutcase,7
asus,7
hub,7
pyjama,7
tenda,7
mom,7
wan,7
support,7
operating,7
wallmantra,7
classic,7
mac,7
mobile,7
antennae,7
installation,7
clear,6
flannel,6
sport,6
keyboard,6
clock,6
lip,6
200gm,6
discount,6
rose,6
net,6
memory,6
diaper,6
aloevera,6
animal,6
bedroom,6
huge,6
paint,6
kadai,6
handcrafted,6
human,6
gb,6
nail,6
embroider,6
ice,6
freezer,6
lipstick,6
long,6
phone,6
large,6
send,6
handmade,6
decal,6
hard,6
drawer,6
new,6
birthday,6
sunscreen,6
graphic,6
canvas,6
duvet,6
adaptor,6
year,6
carpet,6
kids,6
decker,6
trendnet,5
dual,5
fire,5
guide,5
square,5
talk,5
band,5
card,5
papaya,5
colour,5
happy,5
rajasthani,5
krishna,5
jaipur,5
ac,5
photo,5
rega,5
reversible,5
android,5
kg,5
polo,5
runner,5
couple,5
musician,5
exotic,5
romper,5
curry,5
container,5
akup,5
playboy,5
lumen,5
mb,5
gram,5
royal,5
general,5
sapatos,5
sleeveless,5
golden,5
pc,5
checkered,5
grip,5
sofa,5
house,5
adidas,5
glove,5
resistance,5
pocket,5
dv,5
item,5
traditional,5
liquid,5
crystal,5
compatible,5
wire,5
edimax,5
repair,5
manufacturing,5
tree,5
fb,5
maroon,5
limit,4
ecraftindia,4
assorted,4
food,4
hanging,4
external,4
makeup,4
stroller,4
fork,4
mount,4
area,4
loop,4
shower,4
cotonex,4
mixfruit,4
queen,4
surface,4
macbook,4
beige,4
plate,4
offspring,4
hookah,4
conditioner,4
mdf,4
core,4
creation,4
condition,4
lemon,4
shop,4
vintage,4
function,4
fan,4
device,4
polyvinyl,4
otg,4
men,4
handicrafts,4
professional,4
satin,4
london,4
control,4
basic,4
indicator,4
nylon,4
anna,4
b22,4
shampoo,4
crafts,4
multicolour,4
lace,4
polka,4
holder,4
yardley,4
n300,4
extra,4
love,4
check,4
cap,4
intense,4
poster,4
intellect,4
trait,4
silk,4
smooth,4
bazaar,4
beauty,4
andre,4
mink,4
washer,4
clothe,4
wps,4
durable,4
brush,4
life,4
gigabit,4
artificial,4
international,4
manual,4
fry,4
marble,4
pa+,4
place,4
netgear,4
flower,4
summary,4
polish,4
deodrant,4
hmt,4
terracotta,3
windows,3
cd,3
interface,3
pump,3
jumpsuit,3
terry,3
hako,3
manicure,3
plo,3
palito,3
pro,3
security,3
adsl,3
fancy,3
anodised,3
club,3
la,3
engage,3
pride,3
slice,3
tatvaarts,3
airless,3
fogg,3
cut,3
shoppingtara,3
believe,3
magnetic,3
christmas,3
segment,3
cute,3
cup,3
archie,3
metallino,3
valentine,3
vincent,3
wide,3
majesty,3
decoration,3
bucket,3
dynamic,3
ocean,3
access,3
energy,3
address,3
magsafe,3
firewall,3
pulse,3
acrylic,3
hamilton,3
zyxel,3
filtering,3
stick,3
old,3
big,3
strong,3
byte,3
nike,3
aero,3
chair,3
fastrack,3
drive,3
kliqvik,3
luxury,3
digilight,3
world,3
steady,3
adhesive,3
antiqueshop,3
sponge,3
thread,3
shimmer,3
loofah,3
slim,3
storage,3
living,3
layer,3
oval,3
enable,3
bank,3
lovely,3
techone+,3
rrp,3
chloride,3
plant,3
valtellina,3
aapno,3
legging,3
diwali,3
flippd,3
gifts,3
fluid,3
sulfate,3
rectangular,3
jrb,3
attivo,3
denim,3
ultraviolet,3
low,3
gel,3
store,3
weave,3
zipper,3
creations,3
rate,3
bag,3
gallery,3
wine,3
gloss,3
cloth,3
right,3
compartment,3
rib,3
creme,3
welhouse,3
reusable,3
formal,3
important,3
rythmx,3
slot,3
wet,3
studio,3
like,3
hook,3
fengshui,3
jacadi,3
wow,3
flavor,3
bonsai,3
sky,3
artisan,3
rama,3
pant,3
mat,3
play,3
grade,3
pass,3
carve,3
multipurpose,3
normal,3
furnishingland,3
canon,3
extract,3
marvel,3
application,3
kurta,3
sipper,3
straight,3
sleepsuit,3
hour,3
handcraft,3
non,3
backing,3
radha,3
city,3
swarovski,3
wrapper,3
roll,3
flare,3
sony,2
150mbps,2
excellent,2
studios,2
manufacturer,2
overlap,2
facial,2
peacock,2
jharoka,2
lanolin,2
anti,2
tallenge,2
touch,2
bleach,2
lotion,2
ruchikainternational,2
butter,2
mesleep,2
connector,2
ethernet,2
textile,2
golmaalshop,2
gd,2
variant,2
nkp,2
balm,2
vamc,2
trident,2
floralina,2
dia,2
hn,2
raga,2
md,2
pin,2
inside,2
bharatcraft,2
privacy,2
heat,2
ro,2
connect,2
import,2
ball,2
processor,2
receiving,2
memore,2
luba,2
ddr2,2
lucky,2
ganesh,2
crstl,2
essential,2
little,2
garment,2
fleece,2
5cms,2
crystle01,2
crystle,2
bright,2
mkb,2
st,2
teddy,2
services,2
junction,2
usable,2
funcart,2
note,2
craftuno,2
sturdy,2
matte,2
pooja,2
glow,2
facewash,2
task,2
dungaree,2
circle,2
casotec,2
ferns,2
beach,2
knife,2
plug,2
reflect,2
mint,2
v1,2
intex,2
trouser,2
bluetooth,2
flap,2
juice,2
mobiles,2
uberlyfe,2
solution,2
portia,2
leave,2
tee,2
ea,2
viscose,2
x6,2
reiki,2
flvi,2
glassware,2
unnati,2
yuva,2
teal,2
tx,2
noise,2
illuminator,2
kidz,2
safety,2
lady,2
audio,2
clip,2
island,2
nc11-,2
neo,2
tablet,2
computer,2
cleaning,2
babyoye,2
winter,2
zone,2
protect,2
retail,2
mah,2
cl,2
ideapad,2
mn,2
sized,2
open,2
beebay,2
tip,2
chokree,2
kool,2
milton,2
plus,2
synthetic,2
track,2
shaun,2
maxi,2
giftsthatwow,2
head,2
dongli,2
sparklings,2
allin,2
exporter,2
co2,2
toshiba,2
persian,2
tidy,2
seal,2
arb,2
corkscrew,2
lenovo,2
bear,2
packet,2
league,2
pa++,2
arabian,2
character,2
urban,2
finishing,2
creative,2
surgical,2
handloomhub,2
setup,2
goddess,2
fine,2
blush,2
traders,2
nights,2
polyster,2
ac750,2
hd,2
ghz,2
vrct,2
offer,2
lighting,2
unit,2
wr,2
edp,2
avenue,2
park,2
ip,2
user,2
pa+++,2
force,2
striped,2
wool,2
strip,2
direct,2
cool,2
gateway,2
form,2
honour,2
shelf,2
magic,2
i3,2
5th,2
rush,2
dive,2
gen,2
caliber,2
hills,2
pa,2
beverly,2
notebook,2
win10,2
cyberlink,2
doraemon,2
simple,2
berlin,2
velcro,2
bristle,2
standard,2
zero,2
wep,2
certification,2
kalash,2
york,2
artpiece,2
bolster,2
rajo,2
sitting,2
mattress,2
letter,2
tiedribbons,2
cartridge,2
tile,2
background,2
shopmania,2
toner,2
lemongrass,2
drink,2
superpower,2
bootie,2
jug,2
salwar,2
feather,2
raja,2
ss,2
hat,2
deal,2
pen,2
cold,2
lunch,2
have,2
dupion,2
buckle,2
seater,2
prime,2
rubber,2
image,2
bell,2
santosh,2
board,2
sovam,2
cow,2
diwan,2
protector,2
export,2
inflatable,2
guru,2
chinese,2
independence,2
pouch,2
float,2
saucer,2
diviniti,2
pair,2
make,2
alfajr,2
multimedia,2
bread,2
rolling,2
purpledip,2
naturals,2
wonderful,2
conditioning,2
ma,2
help,2
handloom,2
sandalwood,2
pool,2
bamboo,2
ring,2
deep,2
infant,2
camel,2
sea,2
heart,2
bees,2
mirror,2
famous,2
shea,2
mache,2
women,2
hot,2
décor,2
nehp,2
accessory,2
gorgeous,2
cutting,2
step,2
bella,2
disney,2
jump,2
bowl,2
primary,2
vase,2
treasure,2
indian,2
fantasy,2
kosher,2
vitamins,2
stand,2
north,2
monster,2
get,2
cuticle,2
abstracts,2
tribal,2
skmei,2
anodise,2
elegance,2
franck,2
compass,2
vitamin,2
warm,2
fighter,1
rke,1
bracelet,1
rk526,1
violet,1
rked,1
apl_led_black,1
ridas,1
reading,1
100gm,1
switch,1
dimmable,1
bft,1
bftcw6,1
jmd,1
xemex,1
generation,1
sl07,1
reader,1
c03,1
saffron,1
-bk,1
kripa,1
bigkik,1
element,1
tapawire,1
burt,1
watercolor,1
nellson,1
chappin,1
amaze,1
razai,1
rc118,1
ion,1
silicone,1
himtek,1
rc121,1
rc124,1
rc123,1
-fk,1
lavender,1
bajya,1
samsung,1
grapefruit,1
klein,1
jack,1
-music,1
epresent,1
dap1320,1
tuktuk,1
qlt105,1
plexible,1
x002,1
bluecensor,1
svm,1
orico,1
special,1
navratri,1
sanganeri,1
pl,1
rajlaxmi,1
block,1
clues,1
rajai,1
onlinemaniya,1
amazwh,1
moon,1
alpha,1
dungri,1
muslin,1
-orange,1
lenco,1
g16,1
rana,1
favewash,1
barbie,1
d'signer,1
mix,1
leaf,1
-wash,1
approximately,1
ollington,1
insert,1
collagen,1
frequency,1
nourishment,1
moisturization,1
firstrace,1
reduce,1
wq18,1
oxy,1
come,1
tango,1
bearberry,1
sports,1
vera,1
aleo,1
sandal,1
turmeric,1
automatic,1
lacto,1
elantra,1
rajrang,1
dw100405,1
kokum,1
dw100243,1
acne,1
regent,1
radiance,1
bdblue,1
swhf,1
cb,1
technical,1
riva,1
burner,1
myesquire,1
slap,1
lightning,1
sm00,1
rrtc,1
polar,1
muti,1
transport,1
272017a,1
layette,1
su100,1
fonokase,1
carter,1
coral,1
vizion,1
ireeya,1
shag,1
ez,1
intensive,1
panda,1
manuka,1
luminous,1
stylo,1
ti,1
hf45,1
frolic,1
i70600,1
timex,1
p21821,1
azan,1
qibla,1
38015pl01,1
spoon,1
retractable,1
sync,1
cutlery,1
funky,1
suruchi,1
abkl_pl_pnk_pnk,1
-legends,1
sciences,1
oshea,1
winner,1
skyblue02,1
mattegel,1
screen,1
lotus,1
ski,1
containers,1
gayatri,1
best,1
vlcc,1
uvshield,1
luck,1
excitement,1
cocovey,1
efficacy,1
caffeine,1
impulse,1
soy,1
laxmi002,1
laxmi,1
wealth,1
herbals,1
richfeel,1
burp,1
ultra,1
hydrate,1
aveeno,1
expose,1
sweden,1
oriflame,1
polycarbonate,1
ind,1
a55,1
3000k,1
philips,1
whiteherbs,1
sunshield,1
tube,1
sunblock,1
carrot,1
anjeer,1
jovees,1
proof,1
protex,1
umbrella,1
seth,1
keya,1
asiacraft,1
neyth,1
chevron,1
giorgio,1
royalblue,1
galaxy,1
motif,1
ft,1
hargunz,1
shanker,1
divine,1
fabutex,1
stor,1
jewellary,1
trainer,1
ke,1
mighty,1
munchkin,1
bornbabykids,1
armani,1
pencil,1
soyeux,1
glide,1
smoothly,1
ultimate,1
romex,1
popfun,1
trendy,1
delivery,1
indha,1
simoco,1
doikie,1
dokie,1
okie,1
babybucket,1
katori,1
5w,1
influence,1
shell,1
outer,1
bland,1
rtd,1
vegetable,1
garnet,1
-5wt,1
niksales,1
mh,1
embriodery,1
traveller,1
shrikant,1
melange,1
ornate,1
broad,1
spectrum,1
anthelios,1
dhrohar,1
sonpra,1
rmhg,1
castor,1
formulation,1
borse,1
foolzy,1
wax,1
flickring,1
n16,1
burgandy,1
convenience,1
page,1
pure,1
hoa,1
dhyan,1
separate,1
office,1
awaken,1
hindu,1
craftartz,1
trend,1
flazee,1
combination,1
yield,1
xl,1
buyer,1
suave,1
bears,1
gummy,1
pineapple,1
everlasting,1
modish,1
sunshine,1
ll,1
pindia,1
bb349,1
statu,1
prabhavali,1
center,1
abkl_pl_pl_pnk,1
roq,1
105key,1
casserole,1
handi,1
abkl_grn_grn_grn,1
cookart,1
elegant,1
radhika,1
houndstooth,1
reversable,1
cc0070001,1
placemat,1
raj7,1
rajasthanikart,1
exchange,1
kohl,1
fushia,1
nickel,1
hcf315,1
insulated,1
jute,1
blstri,1
vgstore,1
spangle,1
moonleaf,1
houseattire,1
modern,1
chhote,1
contact,1
janab,1
christ,1
interior,1
redeemer,1
cozy,1
mars,1
eyeliner,1
liner,1
indigocart,1
dandruff,1
gig,1
nappy,1
intenso,1
sweethearts,1
pompom,1
pragati,1
pioneer,1
brillare,1
mykid,1
quit,1
frabjous,1
lil,1
tell,1
science,1
outside,1
-blue,1
reuseable,1
ddv3005,1
ic,1
comforters-,1
mfan,1
changer,1
logistics,1
receiver,1
patiyala,1
r8851116001,1
grater,1
slicer,1
press,1
perfectly,1
add,1
lottie,1
ii,1
ship,1
jaycoknit,1
mediterranean,1
katoch,1
royle,1
calculus,1
bela,1
sf11,1
swastik,1
maserati,1
mahadev,1
multifunction,1
chef,1
scissor,1
dupatta,1
aarika,1
rishan,1
west,1
seas,1
seven,1
coffeebean,1
bommai,1
drishti,1
bhagavan,1
surya,1
kaatru,1
village,1
bengal,1
mask,1
yk,1
radium,1
vedic,1
equally,1
nestle,1
need,1
course,1
haat,1
artist,1
figure,1
godaam,1
nyx,1
redc,1
loomkart,1
label,1
geomatrical,1
everytime,1
sweetness,1
overwhelm,1
taste,1
soex,1
cranberry,1
es1801,1
shiv,1
eshoppee,1
organistick,1
shankh,1
star,1
redrope_45m_1,1
weldecor,1
wy,1
pegs'n'pipes,1
fakher,1
al,1
warmth,1
adorn,1
tcgg118,1
polycotton,1
atvt,1
x5,1
gims,1
blackc,1
flmh,1
wm64,1
camerii,1
greenc,1
belt,1
-br,1
kls221,1
rrectangular,1
gim,1
dhurrie,1
multiple,1
rug,1
structure,1
quirky,1
column,1
floor,1
cause,1
bhalaria,1
dessert,1
centrestrip,1
colur,1
twisting,1
pull,1
pedrini,1
roman,1
rd6697,1
omrd,1
dancer,1
university,1
dimm,1
jm,1
transcend,1
zora,1
roronoa,1
reign,1
headphone,1
nutritive,1
way,1
pepper,1
peppermint,1
sathiyas,1
toon,1
classification,1
contender,1
winger,1
striker,1
pg3,1
kerastase,1
bain,1
mouth,1
viscous,1
pigment,1
practice,1
empower,1
oren,1
practise,1
999store,1
damask,1
walldesign,1
elite,1
singing,1
scrub,1
complete,1
hospital,1
s0004,1
gown,1
sstudio,1
bull,1
upwards,1
despicable,1
max,1
mary,1
nutrition,1
lawman,1
oly,1
waiter,1
china,1
apollo+,1
airtight,1
hpl,1
polypropylene,1
lock,1
58cmx,1
cover-,1
seat,1
balaji,1
happiness,1
bone,1
huppmegift,1
moriya,1
bapa,1
ctw,1
ganpati,1
smoothing,1
eversleek,1
oreal,1
pcftsetassorted,1
vibrantly,1
tresemme,1
silicon,1
navneet,1
ech,1
sexy,1
tulip,1
sj,1
airtex,1
eurospa,1
tool,1
bar,1
aster,1
bathing,1
arabic,1
oudh,1
fun,1
inner,1
elf,1
girly,1
ash,1
cosmetic,1
brow,1
runway,1
milani,1
shadow,1
family,1
shuvam,1
mode,1
grandshop,1
youth,1
lula,1
zikrak,1
indulge,1
8pc,1
navy,1
bianca,1
trandy,1
homec,1
srushti,1
jums,1
spandex,1
mineral,1
megnet_led_sport_blackred1,1
rouge,1
baking,1
jewelry,1
sivanna,1
highlighter,1
powder,1
mnbt,1
kawal,1
probook,1
4430s,1
exim,1
hnh1,1
33399eu,1
copenhagen,1
therapy,1
shagun,1
cartier,1
mandhania,1
75x,1
ferrari,1
sassoon,1
absorbent,1
percent,1
maspar,1
casa,1
titan,1
lois,1
beautyful,1
caron,1
handblock,1
paisley,1
1639sl03,1
superior,1
nikunj,1
mafatlal,1
msenterprises,1
rce,1
kensington,1
jimmy,1
0v,1
qp360,1
-coupler,1
animate,1
gender,1
coupler,1
jointer,1
generix,1
female,1
definition,1
8a,1
desktop,1
plasti,1
rocket,1
rock,1
sound,1
player,1
mp3,1
luv,1
elastic,1
wear,1
feetje,1
blackle,1
mly2015,1
itag,1
packing,1
picture,1
cooling,1
fancoolerbl,1
perfume,1
dizionario,1
escort,1
techinn,1
de,1
99gem,1
99gems,1
connection,1
adjustable,1
version,1
lightweight,1
akshaj,1
tslplt02,1
voice,1
shutter,1
remote,1
andriod,1
tracer,1
zaicus,1
ipad,1
amber,1
marigold,1
controller,1
megaway,1
formula,1
hood,1
swaddle,1
anjbrid30,1
gopal,1
laddu,1
anjalika,1
tag,1
warning,1
heuer,1
botanical,1
agrasen,1
wallskart,1
scratch,1
monk,1
provide,1
music,1
supermacy,1
bourne,1
lamination,1
shoperite,1
painting_art_couple_love__dance,1
ba0858,1
rk007,1
collar,1
nandi,1
supplier,1
peach,1
n15,1
metalic,1
incolor,1
aurraa,1
landmark,1
musical,1
uhd004,1
utsav,1
adaa,1
pinc,1
vine,1
delicate,1
nagar,1
cau1116,1
colourful,1
delight,1
brilliance,1
elfani,1
pgzed1016,1
ginger,1
hem,1
mega,1
bagru,1
usage,1
let,1
rustic,1
lilac,1
hc005,1
trendz,1
durga,1
mtg,1
lukluck,1
iws,1
outdoor,1
w6701005,1
present,1
fatigue,1
sexual,1
physical,1
mental,1
relieve,1
useful,1
sscp,1
pine,1
booti,1
exclusively,1
kds,1
tripod,1
bird,1
method,1
tanager,1
scarlet,1
calibro,1
dohars,1
relaxfeel,1
framing,1
reprint,1
digiprint,1
brandwagon,1
dummy,1
problem,1
walking,1
prisha,1
earthy,1
ammonia,1
tone,1
vol,1
diarichesse,1
developer,1
loreal,1
hd10012,1
foldable,1
define,1
roasting,1
hzcn0500541,1
en,1
install,1
datum,1
gamming,1
nivea,1
boost,1
roses,1
wallpaper,1
returnfavors,1
evening,1
encryption,1
station,1
vitality,1
express,1
airport,1
electric,1
1force,1
115gm,1
rastogi,1
nature,1
share,1
belkin,1
drizzle,1
resource,1
nano,1
cmw1657,1
pschedelic,1
mad,1
artwork,1
adpter,1
wifi,1
penetrate,1
fh330,1
abstrcts,1
fission,1
seasons,1
guarantee,1
bubble,1
spinz,1
pmr1051,1
pmr1834,1
multicoloured,1
bubbles,1
a6,1
pmr1332,1
cmw1670,1
pmr1902,1
filter,1
neh006,1
ready,1
gas,1
n450,1
earth,1
conscious,1
ws,1
huawei,1
tabledecorativebowl1,1
tirupati,1
naan,1
puff,1
pastry,1
f452,1
dune,1
evolve,1
explode,1
turbo,1
impact,1
compact,1
shot,1
layer'r,1
fh,1
ac2400,1
server,1
everybody,1
hnd00069,1
darwam,1
chowkidar,1
hut,1
urli,1
a5,1
urge,1
spark,1
occupy,1
kamasutra,1
rj45,1
sam,1
binatone,1
n150,1
orignal,1
surface180,1
carving,1
different,1
utility,1
vibrant,1
lx,1
ultility,1
delicious,1
siver,1
team,1
selection,1
unisex,1
homeehub,1
expedition,1
kesar,1
pmr1336,1
rp,1
wn,1
pscychological,1
adsl2,1
r+,1
passion,1
equity,1
distraction,1
ajmal,1
pmba1872,1
titanium,1
digisol,1
spring,1
illusions,1
flawers,1
victory,1
active,1
tricolosan,1
contain,1
last,1
chandan,1
multivitamin,1
nourishing,1
sinha,1
skip,1
uepgrn,1
changing,1
basra,1
projection,1
ratio,1
lm,1
evil,1
zingalalaa,1
pixel,1
tele,1
phonermmw50000160,1
styling,1
majik,1
memo,1
pmba1044,1
tab,1
ygs,1
artrmmw50000330,1
gm,1
sonakshi,1
pmr1918,1
malibu,1
archer,1
hawaii,1
car,1
envy,1
aries,1
iball,1
ex6100,1
pmba1310,1
colorful,1
1black,1
cat,1
addiction,1
rio,1
airtel,1
poweradapter,1
patchcode,1
br,1
surge,1
charge,1
jwnr2010,1
pmr1174,1
horizon,1
pmr1464,1
c20,1
netis,1
wf2301,1
rage,1
merry,1
mass,1
well,1
cinthol,1
musk,1
illusion,1
splitter,1
n600,1
d3600,1
vdsl2,1
brave,1
150mbp,1
tease,1
wave,1
drift,1
dsl-,1
dsl,1
husband,1
numero,1
friend,1
french,1
archise,1
interiordesign,1
attractive,1
mother,1
sahara,1
ruc0013,1
carbon,1
106mbb,1
237mbb,1
mavi,1
mahavastu,1
italy,1
kd255,1
ltr,1
fast,1
bakelite,1
hadkd,1
decorate,1
technology,1
italian,1
pigeon,1
hnd00928,1
precious,1
semi,1
inlay,1
inlaid,1
whsf3387,1
ndura,1
addition,1
coloured,1
factory,1
cherry,1
10btsc,1
actual,1
bhavya,1
esidon,1
akada06,1
adino,1
adf04,1
story,1
durban,1
teshd99,1
jsm,1
pittsburgh,1
-grn,1
anodize,1
celebrity,1
babeezworld,1
mn1326,1
cookwares,1
supreme,1
ease,1
woodino,1
ruchiworld,1
gang,1
malhar,1
superchef,1
sn,1
rscdk220,1
bong,1
true,1
sumeet,1
a039,1
doll,1
male,1
niko,1
villa,1
pristine,1
hole,1
paniarakkal,1
natura,1
leo,1
k3,1
serve,1
daal,1
utensil,1
brilliant,1
temper,1
rasta,1
recon,1
am000156,1
ptfe,1
c36,1
mo,1
calf,1
monil,1
nr,1
stir,1
nirlon,1
ruc0015,1
drawing,1
surity,1
d0076,1
unravel,1
fairies,1
mamma,1
5ltr,1
kd2,1
jaipan,1
tchgi17,1
hadkdgl,1
wglass,1
bonton,1
crumble,1
california,1
ybscr557,1
roli,1
gemstone,1
surahi,1
infinity,1
rv18,1
variety,1
ravishing,1
mar0962,1
emboss,1
chopra,1
tika,1
hnd00568,1
yves,1
bead,1
pg,1
nautical,1
homedesire,1
homedesires,1
neh0012,1
nst70114,1
bomber,1
pirangi,1
nihar,1
linksys,1
later,1
software,1
suit,1
smoke,1
maxim,1
nice,1
blend,1
enchanting,1
sparkle,1
cast,1
allow,1
hooked,1
pizagn,1
royalscart,1
kth505,1
apex,1
thumb,1
chest,1
mcb,1
23x,1
x33,1
poppins,1
lion,1
leopard,1
ensure,1
require,1
analyzer,1
lambs,1
fur,1
faux,1
moshai,1
toddla,1
maganbuddha,1
hnd00074,1
handpainte,1
stool,1
brahmz,1
mossiac,1
envelope,1
kandyfloss,1
sofab002,1
dreamshomes,1
v9,1
horse,1
diamond,1
beautifully,1
god,1
represent,1
bertelin,1
magan,1
lamb,1
equinox,1
arnavs,1
fat,1
dc,1
cannon,1
soapstone,1
kattle,1
clothes,1
hand_juicer_combo,1
juicer,1
jayenterprise,1
globe,1
teapot,1
random,1
agromech,1
yiboo,1
ibctdc,1
comfortable,1
dholak,1
tiedribbon,1
mothersdaytile041,1
multi1,1
opener,1
hop,1
night,1
gemini,1
attachment,1
rl40,1
furnishing,1
princess,1
mar15367,1
dust,1
xyz,1
shopfloor,1
vaishnava,1
symbol,1
cleaner,1
shankha,1
7085yl01,1
vacuum,1
gw,1
n1536,1
07034lmli,1
dean,1
7963pp02,1
fibre,1
fdrbb1614,1
9912pp09,1
fd040149,1
jegging,1
greenwich,1
elastane,1
vajrasattva,1
mshoppee,1
coaster,1
trade,1
parv,1
a37,1
fone,1
ta,1
karbonn,1
saco,1
feetz,1
skirt,1
cactus,1
maguey,1
palm,1
arecaceae,1
maple,1
aloe,1
mayursflora,1
miracle,1
pslcs1,1
adi,1
chakra,1
05712lmly,1
12011ppgw,1
pcwbl68,1
sm05,1
8098ym01,1
s3648,1
01727lpln,1
19431cmgy,1
-pk,1
zav99,1
7052ym07,1
01741lpln,1
petrol,1
109b0109,1
relaxing,1
26512ppgn,1
7092sl01,1
01784bmly,1
280tms280,1
24864lmgy,1
angel,1
deployment,1
1141ym22,1
k0089,1
hmtwhq,1
olvin,1
blessing,1
8974pp01,1
7007sl02,1
7926sl01,1
ast906,1
327tms327,1
olss,1
zao99,1
beyoutiful,1
repouss,1
fd15102,1
8925ym06,1
19883bmli,1
8097ym03,1
dhol,1
fashionin,1
sw,1
neon,1
19413ppsn,1
hourglass,1
hg,1
ccr002,1
9913pp03,1
101b0101,1
posterchacha,1
ishita,1
personalised,1
windsor,1
lilliput,1
cargo,1
chocoberry,1
capri,1
mosquito,1
200gsm,1
padded,1
kushies,1
shrug,1
bergner,1
wonderchef,1
custom,1
roaster,1
glossy,1
claw,1
sarah,1
person,1
ville,1
candle,1
source,1
shopoj,1
lantern,1
chinmay,1
te6,1
vareesha,1
geol,1
klocx,1
esteem,1
seals,1
needybee,1
waist,1
empire,1
lga,1
maximum,1
intel,1
diwan4,1
steps,1
thakkar,1
nammababy,1
shoulder,1
panel,1
solar,1
sunlast,1
backpack,1
g24,1
broom,1
florence9,1
blazer,1
oxolloxo,1
breasted,1
cheeky,1
tawa,1
swing,1
rrsskids,1
hammock,1
mohanjodero,1
aari,1
soulful,1
oxford,1
tu,1
learning,1
graph,1
interactive,1
class,1
eureka,1
gseb,1
vii,1
video,1
litre,1
nx,1
curren,1
stiched,1
ally,1
neckerchew,1
heavenly,1
chomper,1
knit,1
multifunctional,1
jersey,1
nursery,1
mee,1
plan,1
chota,1
birds,1
young,1
titrit,1
pokizo,1
boreal,1
hgfvscgstgry00094,1
corner,1
innovative,1
garden,1
stage,1
bib,1
piyo,1
knot,1
chompers,1
333tms333,1
317tms317,1
grass,1
muscle,1
lcd,1
olympic,1
sos,1
computrise,1
opaque,1
cooker,1
intrferential,1
deluxe,1
prestige,1
pressure,1
spasm,1
3kfactory,1
lushomes,1
electrotherapy,1
treatment,1
upside,1
applique,1
jacket,1
sally,1
hansen,1
saba,1
cross,1
craftcart,1
school,1
scalabedding,1
parrot,1
haircolor,1
nutrisse,1
bean,1
cocoa,1
garnier,1
aci20160340,1
amit,1
cavity,1
alluminium,1
dhokla,1
idlis,1
advance,1
maker,1
vatika,1
idli,1
toffyhouse,1
infuse,1
shopizone,1
tigi,1
srp,1
bmw,1
cap-,1
pcs,1
8944sl03,1
amplify,1
alphabet,1
sherin,1
illustration,1
word,1
jewelkraft,1
bullshit,1
bud,1
upholstery,1
homeedge,1
aid,1
leafs,1
xa,1
ebw,1
beer,1
whisky,1
vglass0051,1
rajesh,1
dad,1
click,1
literider,1
graco,1
work,1
sleeping,1
space,1
people,1
oximeter,1
60w,1
pro13,1
lla,1
85w,1
festival,1
ja,1
45w,1
grooming,1
svayam,1
duo,1
bonjour,1
clipper,1
arsalan,1
jbc,1
pipe,1
rute,1
nams,1
break,1
opening,1
shut,1
auto,1
mpad271,1
mousepad,1
frenemy,1
goldencollections,1
industries,1
md7822,1
bangle,1
24990lmli,1
earing,1
77036sm,1
01433cmgy,1
thar,1
8959yl01,1
nexus,1
03918cmly,1
zao02,1
wedding,1
gc4353,1
284tms284,1
7016ym04,1
dmdf,1
7007yl08,1
cmr1601,1
goldp,1
aspire,1
acer,1
17321cmly,1
lgswatches,1
sl,1
logues,1
06362cmgy,1
ornamental,1
dg,1
7991pp02,1
nosww001,1
09321cmgy,1
24742lmgy,1
20981lmgi,1
29923lpgy,1
royale,1
21131cpgi,1
23952lmli,1
87001sl01,1
7016ym09,1
gurunanak,1
kuber,1
nosww032,1
04615cmgy,1
nomad,1
global,1
gnlbbl0314,1
395ls,1
mx,1
dynabook,1
kls215,1
seed,1
cumin,1
beverage,1
lollipop,1
lane,1
tiddly,1
wink,1
safari,1
fennel,1
filink,1
shine,1
recrafto,1
sunkisse,1
highlight,1
lhfb,1
blonde,1
ogx,1
cpgw087,1
anthill,1
tks,1
hematite,1
tritan,1
kls213,1
cq43,1
kls230,1
presario,1
compaq,1
carry,1
bestway,1
dell,1
v470,1
iso,1
border,1
c02,1
clublaptop,1
upto,1
y430,1
checker,1
remtex,1
kurti,1
twisha,1
mosaic,1
a200,1
satellite,1
omic,1
bisphenol,1
film,1
